ID,Tip,SKU,"GTIN, UPC, EAN sau ISBN",Nume,Publicat,Este reprezentativ?,Vizibilitate în catalog,Descriere scurtă,Descriere,Dată începere promoție,Dată încheiere promoție,Stare taxă,Clasă de impozitare,În stoc?,Stoc,Cantitate mică în stoc,Precomenzile sunt permise?,Vândut individual?,Greutate (kg),Lungime (cm),Lățime (cm),Înălțime (cm),Permiți recenzii de la clienți?,Notă de cumpărare,Preț promoțional,Preț obișnuit,Categorii,Etichete,Clasă de livrare,Imagini,Limită de descărcări,Zile de expirare descărcare,Părinte,Produse grupate,Upsells,Vânzări încrucișate,URL extern,Text buton,Poziție,Branduri,Nume atribut 1,Valoare (valori) atribut 1,Vizibilitate atribut 1,Atribut 1 global,Nume atribut 2,Valoare (valori) atribut 2,Vizibilitate atribut 2,Atribut 2 global,Meta: _yoast_indexnow_last_ping,Meta: custom_package_number,Meta: custom_product_type,Meta: _yoast_wpseo_primary_product_brand,Meta: _yoast_wpseo_primary_product_cat,Meta: _yoast_wpseo_focuskw,Meta: _yoast_wpseo_title,Meta: _yoast_wpseo_metadesc,Meta: _yoast_wpseo_linkdex,Meta: _yoast_wpseo_content_score,Meta: _yoast_wpseo_focuskeywords,Meta: _yoast_wpseo_keywordsynonyms,Meta: _yoast_wpseo_estimated-reading-time-minutes,Meta: _enable_request_quote_immo,Meta: _enable_request_quote_airbag,Meta: _enable_request_quote,Meta: _wc_gla_visibility,Meta: _wc_gla_synced_at,Meta: _wc_gla_sync_status,Meta: wcpa_exclude_global_forms,Meta: rank_math_primary_product_brand,Meta: rank_math_primary_product_cat,Meta: rank_math_title,Meta: rank_math_description,Meta: rank_math_focus_keyword,Meta: rank_math_news_sitemap_robots,Meta: rank_math_seo_score,Meta: rank_math_internal_links_processed,Meta: _wc_gla_mc_status,Meta: cfwc_package_number
3009,variable,,,VAG SVM Coding &amp; Component Protection – Serviciu Online Autorizat | VisionGarage,1,0,visible,"<p>Serviciu profesional online de codare <strong>SVM (Software Version Management)</strong> si <strong>Component Protection (CP)</strong> pentru vehicule VAG: VW, Audi, SEAT, Skoda.</p>
<p>Acceptam doar <strong>service-uri autorizate</strong>, cu acte complete: factura piesa, copie talon, copie buletin proprietar si declaratie de responsabilitate semnata de unitate.</p>
<p><strong>Echipament obligatoriu:</strong> Laptop Windows 10 + interfata VCDS / VNCI 6154 / Smartlink C + conexiune LAN stabila.</p>","<h2>VAG SVM Coding &amp; Component Protection - Serviciu Online Autorizat</h2>

<h3>Ce este SVM si Component Protection?</h3>
<p><strong>SVM (Software Version Management)</strong> este sistemul intern al grupului VAG care verifica daca calculatoarele montate in vehicul au software si hardware conforme inainte de livrare.</p>
<p><strong>Component Protection (CP)</strong> este o masura anti-furt care leaga componentele critice (unitati de control, panouri, infotainment) de VIN-ul vehiculului. Daca se monteaza o unitate din alt VIN, apar erori de securitate sau componenta nu este activabila.</p>

<h3>Simptome frecvente</h3>
<ul>
<li>Coduri de eroare: <em>Component Protection active</em>, <em>SVM code required</em>, <em>Hardware change suggestion</em>.</li>
<li>Unitati instalate dintr-un alt VIN nu sunt recunoscute.</li>
<li>Functii dezactivate dupa inlocuirea modulelor (radio, panou instrumente, unitati comfort).</li>
<li>Servicii de codare care esueaza sau modulul refuza activarea din cauza mismatch-ului SVM.</li>
</ul>

<h3>Ce include serviciul nostru</h3>
<ul>
<li>Codare SVM &amp; deblocare Component Protection (dupa dovada de proprietate si verificarea service-ului autorizat).</li>
<li>Suport online pentru service-ul clientului, cu interfata VNCI 6154 / Smartlink C.</li>
<li>Documentare completa, raport de interventie si garantie limitata pentru lucrare.</li>
</ul>

<h3>Conditii obligatorii</h3>
<ul>
<li>Acceptam doar <strong>service-uri autorizate</strong> (nu persoane fizice nespecializate).</li>
<li>Documente necesare: factura achizitie piesa, copie talon vehicul, copie buletin proprietar, declaratie semnata de unitatea care efectueaza lucrarea.</li>
<li>Laptop cu <strong>Windows 10</strong>, interfata <strong>VNCI 6154</strong> sau <strong>Smartlink C</strong> (lucram la adaugarea altor interfete).</li>
<li>Acces Internet stabil, cablu LAN, alimentare stabila.</li>
</ul>

<h3>Procedura rapida</h3>
<ol>
<li>Plasezi comanda online si trimiti actele + VIN-ul vehiculului.</li>
<li>Programam impreuna ora interventiei online.</li>
<li>Conectezi service-ul via <a href=""https://www.anyviewer.com/individual.html"" target=""_blank"" rel=""noopener"">AnyViewer</a>.</li>
<li>Executam codarea SVM / CP si testam functiile.</li>
<li>Primesti raport final + documentatie de suport.</li>
</ol>

<hr />

<p>Vezi si: <a href=""https://visiongarage.ro/produs/vag-bcm2-decrypt-clone-elv-repair-fileservice-visiongarage/"">VAG BCM / BCM2 - Decrypt, Clone, CP Removal, ELV Repair | VisionGarage</a></p>",,,taxable,,1,,,0,0,,,,,0,"Multumim pentru comanda! Trimite pe WhatsApp sau email: factura de achizitie a piesei, copie talon vehicul, copie buletin proprietar si declaratie de responsabilitate semnata de service. VIN-ul vehiculului este obligatoriu. Te contactam in maximum 24h pentru programarea sesiunii online.",,,Servicii La Distanță,"codage Seat SVM, codage Skoda SVM, codage SVM VAG, codificación Seat SVM, codificación Skoda SVM, codificación SVM VAG, Component Protection VAG, component protection VW, CP Audi, CP Entfernung VAG, CP SEAT, eliminación CP VAG, Komponentenschutz VAG, online codare VAG, online coding VW Audi, protección de componentes VAG, protection composant VAG, Seat SVM Dienst, Seat SVM service, service autorizat VAG, service SVM VW Audi en ligne, servicio SVM VW Audi online, Skoda SVM Codierung, Skoda SVM coding, suppression CP VAG, SVM coding VAG, SVM Škoda, VAG CP removal, VAS 6154 SVM, VW Audi SVM online, VW Audi SVM Online-Service",,https://visiongarage.ro/wp-content/uploads/2025/11/VAG-SVM-COMPONENT-PROTECTION.webp,,,,,,,,,0,,Marca vehicul,"Volkswagen, Audi, SEAT, Škoda",1,0,Operațiune,"SVM Coding, Component Protection, Component Protection Immo",1,0,1778136387,,,,310,VAG SVM Coding Component Protection,VAG SVM Coding & Component Protection - Serviciu Online Autorizat | VisionGarage,"Serviciu online de codare SVM si deblocare Component Protection pentru VW, Audi, SEAT, Skoda. Acceptam service-uri autorizate cu acte complete. Interfata VNCI 6154 / Smartlink C. Programare rapida, raport de interventie inclus.",77,90,[],"[""""]",2,no,no,no,sync-and-show,1778554831,synced,,,310,VAG SVM Coding & Component Protection - Serviciu Online Autorizat | VisionGarage,"Serviciu online de codare SVM si deblocare Component Protection pentru VW, Audi, SEAT, Skoda. Acceptam service-uri autorizate cu acte complete. Interfata VNCI 6154 / Smartlink C. Programare rapida, raport de interventie inclus.",VAG SVM Coding Component Protection,index,60,1,partially_approved,
3492,"variation, virtual",,,VAG SVM Coding &amp; Component Protection – Serviciu Online Autorizat | VisionGarage<span> - </span>Component Protection Immo,1,0,visible,,Pentru componentele IMMO se genereaza un raport care este trimis catre reprezentanta VAG. Raspunsul este primit in 48-72h lucratoare. Sunt necesare fisierele complete si VIN-ul vehiculului.,,,taxable,parent,1,,,0,0,,,,,0,,1500,1700,,,,,,,id:3009,,,,,,1,,Operațiune,Component Protection Immo,,0,,,,,,,,,,,,,,,,,,,,,,1778554831,synced,,,,,,,,,,approved,
3010,variation,,,VAG SVM Coding &amp; Component Protection – Serviciu Online Autorizat | VisionGarage<span> - </span>SVM Coding,1,0,visible,,"Codare SVM (Software Version Management) pentru vehicule VAG: VW, Audi, SEAT, Skoda. Serviciu online, executat prin telecomanda cu interfata VNCI 6154 / Smartlink C. Include testare functii si raport de interventie.",,,taxable,parent,1,,,0,0,,,,,0,,500,600,,,,,,,id:3009,,,,,,2,,Operațiune,SVM Coding,,0,,,,,,,,,,,,,,,,,,,,,,1778554831,synced,,,,,,,,,,partially_approved,
3011,"variation, virtual",,,VAG SVM Coding &amp; Component Protection – Serviciu Online Autorizat | VisionGarage<span> - </span>Component Protection,1,0,visible,,Deblocare Component Protection (CP) pentru module VAG montate dintr-un alt VIN. Serviciu online cu dovada de proprietate obligatorie (factura piesa + documente vehicul). Include testare functii si raport de interventie.,,,taxable,parent,1,,,0,0,,,,,0,,1000,1200,,,,,,,id:3009,,,,,,3,,Operațiune,Component Protection,,0,,,,,,,,,,,,,,,,,,,,,,1778554831,synced,,,,,,,,,,approved,
